,unique_val_count,null_val_count,null_%_from_total
state,51,0,0.0
zcta5,32988,0,0.0
zipname,27772,0,0.0
county,3137,0,0.0
altzips,4886,0,0.0
stab,51,0,0.0
geoid,32988,0,0.0
areaname,32988,0,0.0
medianhhinc,19934,0,0.0
avghhinc,25337,0,0.0
avghhearnings,25245,0,0.0
avghhsocsec,11042,0,0.0
avghhretinc,18651,0,0.0
avghhsuppsecinc,9686,0,0.0
avghhpubassist,7816,0,0.0
medianfaminc,19402,0,0.0
avgfaminc,25762,0,0.0
pci,20015,0,0.0
mediannonfaminc,15746,0,0.0
avgnonfaminc,22671,0,0.0
medianearnings,17521,0,0.0
medianearningsmale,17403,0,0.0
medianearningsfemale,15563,0,0.0
medianhvalue,5125,0,0.0
avghvalue,28284,0,0.0
medianownercostsmort,2905,0,0.0
medianownercostsnomort,888,0,0.0
mediangrossrent,1655,0,0.0
avggrossrent,1492,0,0.0
